Turbidity,Azimuth,Elevation,Normalization,Mean X,Mean Y,Sigma X,Sigma Y,Weight,Volume,MAE,RMSE
2,90,11,5.5,1.564374616,0.113972141,0.175931743,0.143014927,0.043189132,1,0.00320344,0.004630132
2,90,11,5.5,1.388908872,3.16E-27,6,0.605654266,0.524935918,1,0.00320344,0.004630132
2,90,11,5.5,5.339501795,2.05E-37,1.581076269,0.18511636,0.09742033,1,0.00320344,0.004630132
2,90,11,5.5,1.572953563,6.74E-33,0.501721076,0.365313986,0.235103021,1,0.00320344,0.004630132
2,90,11,5.5,1.351555665,0.008375891,1.178448615,0.149457532,0.0993516,1,0.00320344,0.004630132
3,90,11,8.25,1.587446616,0.098306456,0.400578093,0.328451743,0.141077098,1,0.002685941,0.003615412
3,90,11,8.25,5.799071446,9.91E-36,6,0.4755601,0.471019225,1,0.002685941,0.003615412
3,90,11,8.25,1.559066415,0.170903938,0.142813037,0.121095823,0.01996037,1,0.002685941,0.003615412
3,90,11,8.25,1.383436138,0.067065184,0.925008625,0.530528853,0.229294775,1,0.002685941,0.003615412
3,90,11,8.25,3.661703233,0.953413724,6,0.308409772,0.138648533,1,0.002685941,0.003615412
4,90,11,4.5,1.387861594,0.191472879,0.98652815,0.499129504,0.257303077,1,0.002986185,0.00397697
4,90,11,4.5,1.585394858,0.117571756,0.397252094,0.345935253,0.131447949,1,0.002986185,0.00397697
4,90,11,4.5,1.558997544,0.179343663,0.137921878,0.130993653,0.016113142,1,0.002986185,0.00397697
4,90,11,4.5,6.283185307,0.066012644,5.999999919,0.583846002,0.505433977,1,0.002986185,0.00397697
4,90,11,4.5,2.10139835,1.002874548,5.99999958,0.274769071,0.089701855,1,0.002986185,0.00397697
5,90,11,11,6.283185307,0.094067404,2.292228789,0.621839011,0.280042131,1,0.003565822,0.004649604
5,90,11,11,1.327125596,0.173459885,1.465110972,0.5419599,0.445397208,1,0.003565822,0.004649604
5,90,11,11,0.79569551,0.981924172,5.999991818,0.281708359,0.101345453,1,0.003565822,0.004649604
5,90,11,11,1.561059392,0.174994659,0.149309145,0.148397363,0.017826544,1,0.003565822,0.004649604
5,90,11,11,1.578169628,0.135600393,0.440359991,0.38264834,0.155388665,1,0.003565822,0.004649604
6,90,11,18,1.445256659,0.075534766,3.759280447,0.546446839,0.489961174,1,0.004002141,0.005379063
6,90,11,18,1.206549698,0.925519105,4.66653684,0.33072315,0.196522698,1,0.004002141,0.005379063
6,90,11,18,6.283185307,0.123585499,0.719105783,0.691060015,0.048113868,1,0.004002141,0.005379063
6,90,11,18,1.562825118,0.157010503,0.199908278,0.198934022,0.033757013,1,0.004002141,0.005379063
6,90,11,18,1.571162049,0.18846191,0.59401439,0.424231268,0.231645248,1,0.004002141,0.005379063
2,90,14,14.25,1.573121569,9.89E-34,0.511388026,0.382869378,0.240167783,1,0.003423933,0.004977966
2,90,14,14.25,1.564076119,0.150118261,0.181591668,0.158651438,0.044699048,1,0.003423933,0.004977966
2,90,14,14.25,1.409614386,1.18E-32,6,0.60957958,0.519698584,1,0.003423933,0.004977966
2,90,14,14.25,5.365562138,4.89E-42,1.621261626,0.184930569,0.097445475,1,0.003423933,0.004977966
2,90,14,14.25,1.333983854,0.010901856,1.196838125,0.151103038,0.09798911,1,0.003423933,0.004977966
3,90,14,13.25,1.587231998,0.12891134,0.40304612,0.334681606,0.145648231,1,0.002860149,0.003825627
3,90,14,13.25,1.380810234,0.093519863,0.942024203,0.528125766,0.235974622,1,0.002860149,0.003825627
3,90,14,13.25,1.558981627,0.215053562,0.144444147,0.125465725,0.020261964,1,0.002860149,0.003825627
3,90,14,13.25,5.944171472,3.57E-46,6,0.47723995,0.461995556,1,0.002860149,0.003825627
3,90,14,13.25,3.734146989,0.958140957,6,0.30632546,0.136119626,1,0.002860149,0.003825627
4,90,14,16.75,6.283185307,0.064499494,6,0.587669512,0.499255371,1,0.003186144,0.004235511
4,90,14,16.75,1.397496415,0.213200067,0.977247554,0.49422589,0.264782206,1,0.003186144,0.004235511
4,90,14,16.75,1.558988962,0.230208934,0.13612779,0.12895065,0.015512676,1,0.003186144,0.004235511
4,90,14,16.75,2.081998118,1.004364632,6,0.273432972,0.08887586,1,0.003186144,0.004235511
4,90,14,16.75,1.585061611,0.155625398,0.391387656,0.343329154,0.131573887,1,0.003186144,0.004235511
5,90,14,12.75,1.194793594,0.919069925,4.452540551,0.33492855,0.191200491,1,0.003771489,0.00517838
5,90,14,12.75,1.56266734,0.213236602,0.201567866,0.19448835,0.039020878,1,0.003771489,0.00517838
5,90,14,12.75,6.283185307,0.309279174,0.632331983,0.68731403,0.027842075,1,0.003771489,0.00517838
5,90,14,12.75,1.200834611,0.05545359,5.975901446,0.541131705,0.48939339,1,0.003771489,0.00517838
5,90,14,12.75,1.571835147,0.2094018,0.603037295,0.41965253,0.252543167,1,0.003771489,0.00517838
6,90,14,17.25,1.571484261,0.217543113,0.60144686,0.423585822,0.238431984,1,0.004174252,0.005614326
6,90,14,17.25,1.562670643,0.21189067,0.20227306,0.200377233,0.035718462,1,0.004174252,0.005614326
6,90,14,17.25,6.283185307,0.152583042,0.701302255,0.694266471,0.045711277,1,0.004174252,0.005614326
6,90,14,17.25,1.216771173,0.920761307,4.52876095,0.332952936,0.203500819,1,0.004174252,0.005614326
6,90,14,17.25,1.434059062,0.067884615,3.904990948,0.546460419,0.476637458,1,0.004174252,0.005614326
2,90,17,4.75,2.540364075,2.93E-12,6,0.168001975,0.17025613,1,0.003684515,0.005336933
2,90,17,4.75,1.584046269,2.94E-25,0.430756198,0.313022905,0.170246385,1,0.003684515,0.005336933
2,90,17,4.75,6.283185307,1.58E-19,6,0.590239247,0.429153819,1,0.003684515,0.005336933
2,90,17,4.75,1.561103994,0.222241443,0.149777223,0.163873277,0.027426459,1,0.003684515,0.005336933
2,90,17,4.75,1.377475529,1.93E-17,0.87691263,0.569078641,0.202917208,1,0.003684515,0.005336933
3,90,17,19.5,6.283185307,0.441889232,1.700495083,0.552441998,0.154289241,1,0.003079761,0.004230186
3,90,17,19.5,1.391573399,0.640474694,1.932799135,0.414460489,0.322054147,1,0.003079761,0.004230186
3,90,17,19.5,1.563050679,0.25777443,0.175258458,0.16071579,0.03403598,1,0.003079761,0.004230186
3,90,17,19.5,0.641216047,4.39E-47,6,0.298403656,0.254063984,1,0.003079761,0.004230186
3,90,17,19.5,1.571164005,0.130781916,0.525716885,0.381880326,0.235556648,1,0.003079761,0.004230186
4,90,17,18.25,1.585074111,0.197476659,0.387524074,0.339870661,0.131183411,1,0.003434643,0.004550087
4,90,17,18.25,6.283185307,0.062587632,5.99999994,0.590254941,0.492954826,1,0.003434643,0.004550087
4,90,17,18.25,1.558974985,0.280860857,0.135195231,0.127605207,0.014654266,1,0.003434643,0.004550087
4,90,17,18.25,1.404393003,0.233741463,0.971477934,0.491474712,0.271753943,1,0.003434643,0.004550087
4,90,17,18.25,2.159251541,1.004441579,5.999995205,0.273305861,0.089453554,1,0.003434643,0.004550087
5,90,17,10,1.214931478,0.914086604,4.284573601,0.336956102,0.198011619,1,0.003980089,0.005454779
5,90,17,10,1.209683358,0.048185658,5.999654963,0.541164363,0.477135743,1,0.003980089,0.005454779
5,90,17,10,1.562569342,0.26567305,0.202620292,0.195129647,0.039517002,1,0.003980089,0.005454779
5,90,17,10,6.283185307,0.352182041,0.630576236,0.678444988,0.028473904,1,0.003980089,0.005454779
5,90,17,10,1.571876976,0.235586845,0.606272965,0.419200492,0.256861733,1,0.003980089,0.005454779
6,90,17,19.25,1.562515857,0.265910876,0.204191332,0.201609462,0.0366726,1,0.004384204,0.005901585
6,90,17,19.25,1.571768354,0.244986797,0.607753643,0.423041863,0.243894993,1,0.004384204,0.005901585
6,90,17,19.25,6.283185307,0.186125467,0.687825198,0.695050079,0.04407632,1,0.004384204,0.005901585
6,90,17,19.25,1.424877026,0.061010347,4.03442327,0.547144667,0.465648026,1,0.004384204,0.005901585
6,90,17,19.25,1.22632129,0.917139629,4.397674079,0.334371184,0.209708061,1,0.004384204,0.005901585
2,90,20,12.75,1.563065304,0.261388334,0.164229807,0.186327668,0.031981657,1,0.003912428,0.005513727
2,90,20,12.75,5.664493526,1.37E-30,1.717361922,0.579072603,0.219061685,1,0.003912428,0.005513727
2,90,20,12.75,1.572781256,3.60E-25,0.489432051,0.35291012,0.224222095,1,0.003912428,0.005513727
2,90,20,12.75,1.001879192,1.32E-45,6,0.171657055,0.192220906,1,0.003912428,0.005513727
2,90,20,12.75,1.315290382,0.231410384,1.513572063,0.529838291,0.332513656,1,0.003912428,0.005513727
3,90,20,4.5,1.413019531,0.649074961,1.903221896,0.411626314,0.324423993,1,0.003275944,0.004489355
3,90,20,4.5,1.563043967,0.306123691,0.17892153,0.166723728,0.033986007,1,0.003275944,0.004489355
3,90,20,4.5,1.571110422,0.157477487,0.529868699,0.383335134,0.235480241,1,0.003275944,0.004489355
3,90,20,4.5,6.283185307,0.460873723,1.662604081,0.547976842,0.149759944,1,0.003275944,0.004489355
3,90,20,4.5,0.720952453,7.40E-46,6,0.299817037,0.256349815,1,0.003275944,0.004489355
4,90,20,15,1.585637141,0.241226053,0.387159098,0.337025748,0.130763544,1,0.003737568,0.00493449
4,90,20,15,6.283185284,0.06042076,5.999989751,0.591648342,0.486603453,1,0.003737568,0.00493449
4,90,20,15,1.5588595,0.331738883,0.135904676,0.127703773,0.013972985,1,0.003737568,0.00493449
4,90,20,15,2.32311875,1.00339464,5.999997308,0.274074001,0.091273769,1,0.003737568,0.00493449
4,90,20,15,1.407668046,0.253465592,0.970714722,0.49073588,0.277386249,1,0.003737568,0.00493449
5,90,20,9.75,1.206542555,0.039997394,5.999567792,0.540741261,0.465359149,1,0.004235555,0.005771749
5,90,20,9.75,6.283185307,0.396099374,0.633090685,0.667908128,0.029601678,1,0.004235555,0.005771749
5,90,20,9.75,1.246726621,0.908860301,4.095308192,0.339033844,0.206283828,1,0.004235555,0.005771749
5,90,20,9.75,1.562432695,0.318365443,0.203015374,0.194171324,0.038760338,1,0.004235555,0.005771749
5,90,20,9.75,1.572072375,0.261627365,0.607925424,0.418152829,0.259995006,1,0.004235555,0.005771749
6,90,20,17.5,1.419200752,0.053266101,4.094833354,0.547863454,0.45567581,1,0.004651844,0.006239521
6,90,20,17.5,1.249063458,0.913139619,4.223169155,0.335891662,0.216908754,1,0.004651844,0.006239521
6,90,20,17.5,1.562367847,0.320320822,0.204602595,0.200070901,0.036085508,1,0.004651844,0.006239521
6,90,20,17.5,6.283185307,0.221127328,0.683801651,0.694698806,0.043976287,1,0.004651844,0.006239521
6,90,20,17.5,1.571998392,0.271626925,0.610129008,0.421672303,0.247353641,1,0.004651844,0.006239521
2,90,23,18.5,1.301248098,0.236058881,1.580392966,0.533065153,0.335540192,1,0.004154829,0.005844043
2,90,23,18.5,1.152233678,1.48E-42,6,0.173351112,0.19395324,1,0.004154829,0.005844043
2,90,23,18.5,1.56335295,0.317817675,0.169419872,0.190347932,0.030794536,1,0.004154829,0.005844043
2,90,23,18.5,5.763261717,1.47E-33,1.751091267,0.584675518,0.212512467,1,0.004154829,0.005844043
2,90,23,18.5,1.572616813,4.17E-26,0.499831578,0.376032132,0.227199565,1,0.004154829,0.005844043
3,90,23,16,6.283185307,0.482421555,1.613394943,0.542584594,0.144031989,1,0.003530788,0.004828324
3,90,23,16,1.570981676,0.185599748,0.534010186,0.38398929,0.234345088,1,0.003530788,0.004828324
3,90,23,16,1.56306478,0.35631355,0.182409374,0.171440945,0.033192051,1,0.003530788,0.004828324
3,90,23,16,0.806916714,1.06E-41,6,0.301883391,0.260576598,1,0.003530788,0.004828324
3,90,23,16,1.435909267,0.659583539,1.884318295,0.408441176,0.327854274,1,0.003530788,0.004828324
4,90,23,15.5,1.408354165,0.272807679,0.973564894,0.49093319,0.281860795,1,0.004104588,0.005404261
4,90,23,15.5,6.283185307,0.058048409,5.99999997,0.592459129,0.480637647,1,0.004104588,0.005404261
4,90,23,15.5,1.558605109,0.383486774,0.138203515,0.128654794,0.013507709,1,0.004104588,0.005404261
4,90,23,15.5,2.51857509,1.001765492,6,0.275197381,0.093998656,1,0.004104588,0.005404261
4,90,23,15.5,1.586739368,0.284875826,0.389596298,0.335478234,0.129995192,1,0.004104588,0.005404261
5,90,23,7.75,1.562252654,0.371638925,0.202629039,0.190606332,0.036736443,1,0.004534422,0.006106425
5,90,23,7.75,1.572425739,0.28839639,0.60743826,0.416151525,0.261743261,1,0.004534422,0.006106425
5,90,23,7.75,1.285841891,0.904066157,3.896575865,0.340765375,0.216480492,1,0.004534422,0.006106425
5,90,23,7.75,1.191460579,0.032529657,5.949877422,0.537932879,0.453652625,1,0.004534422,0.006106425
5,90,23,7.75,6.283185307,0.437526977,0.640962905,0.656832237,0.03138718,1,0.004534422,0.006106425
6,90,23,8.75,6.283185307,0.254044392,0.690293099,0.693983675,0.045576696,1,0.004973515,0.006601179
6,90,23,8.75,1.28040271,0.90939411,4.012538664,0.337097954,0.225368998,1,0.004973515,0.006601179
6,90,23,8.75,1.41698995,0.046309172,4.065405556,0.547003074,0.446676854,1,0.004973515,0.006601179
6,90,23,8.75,1.562220284,0.375510231,0.203162564,0.194376357,0.033803037,1,0.004973515,0.006601179
6,90,23,8.75,1.572204137,0.298777474,0.607561321,0.418947153,0.248574415,1,0.004973515,0.006601179
2,90,26,3.25,1.57264039,1.02E-26,0.507916485,0.399372428,0.227318732,1,0.004404811,0.006157617
2,90,26,3.25,1.231737346,2.01E-29,6,0.175273897,0.197364831,1,0.004404811,0.006157617
2,90,26,3.25,1.56370041,0.376473602,0.174217741,0.188032286,0.028654381,1,0.004404811,0.006157617
2,90,26,3.25,5.868322194,1.13E-31,1.79525707,0.592272175,0.20803952,1,0.004404811,0.006157617
2,90,26,3.25,1.293167761,0.249339289,1.626244465,0.530002591,0.338622536,1,0.004404811,0.006157617
3,90,26,13,1.457390246,0.669464292,1.873777501,0.40587495,0.33308379,1,0.003857562,0.005249005
3,90,26,13,6.283185307,0.502979638,1.560410473,0.537262,0.138463894,1,0.003857562,0.005249005
3,90,26,13,1.563079599,0.408429031,0.185438709,0.173928638,0.031634535,1,0.003857562,0.005249005
3,90,26,13,0.877441651,7.37E-41,6,0.303572712,0.264666129,1,0.003857562,0.005249005
3,90,26,13,1.570863558,0.214985889,0.537628971,0.384228811,0.232151651,1,0.003857562,0.005249005
4,90,26,12.75,1.422132668,0.843765175,3.244967001,0.360410192,0.285936401,1,0.004402198,0.005820862
4,90,26,12.75,1.384761081,0.018133667,6,0.43001568,0.379580066,1,0.004402198,0.005820862
4,90,26,12.75,1.568932166,0.295016767,0.578460907,0.400588729,0.25910912,1,0.004402198,0.005820862
4,90,26,12.75,6.283185307,0.570514004,0.800278356,0.588057683,0.042707527,1,0.004402198,0.005820862
4,90,26,12.75,1.56328281,0.417961494,0.193041066,0.176634514,0.032666885,1,0.004402198,0.005820862
5,90,26,9.25,1.572644463,0.317754922,0.605133474,0.412469523,0.261692259,1,0.004857584,0.006439443
5,90,26,9.25,1.318452311,0.903907463,3.711925892,0.339792379,0.224486075,1,0.004857584,0.006439443
5,90,26,9.25,6.283185307,0.461141195,0.656506749,0.651245135,0.034225476,1,0.004857584,0.006439443
5,90,26,9.25,1.562109383,0.425185963,0.201748251,0.184690602,0.033766637,1,0.004857584,0.006439443
5,90,26,9.25,1.207722412,0.031749969,5.713216217,0.532719661,0.445829553,1,0.004857584,0.006439443
6,90,26,15.25,1.572364658,0.328557152,0.602387025,0.414413302,0.247869558,1,0.005314701,0.006952455
6,90,26,15.25,1.418151769,0.045943139,3.976381355,0.543302901,0.441201984,1,0.005314701,0.006952455
6,90,26,15.25,1.312287107,0.909596628,3.804311796,0.335998242,0.232115298,1,0.005314701,0.006952455
6,90,26,15.25,1.562091786,0.430823553,0.200956281,0.18531127,0.03047771,1,0.005314701,0.006952455
6,90,26,15.25,6.283185307,0.283496549,0.703591597,0.692428534,0.04833545,1,0.005314701,0.006952455
2,90,29,4.25,1.564150144,0.433745047,0.180772074,0.183150219,0.026640041,1,0.004626812,0.006414698
2,90,29,4.25,1.289809466,0.274842457,1.658010432,0.521050716,0.339840979,1,0.004626812,0.006414698
2,90,29,4.25,1.572740758,7.01E-23,0.516849756,0.423142943,0.225246989,1,0.004626812,0.006414698
2,90,29,4.25,5.985588118,3.36E-35,1.849894839,0.602442975,0.204709065,1,0.004626812,0.006414698
2,90,29,4.25,1.24066862,2.18E-20,6,0.178061027,0.203562927,1,0.004626812,0.006414698
3,90,29,17.25,1.570617161,0.246385123,0.54157643,0.384349191,0.229692579,1,0.004253378,0.005736904
3,90,29,17.25,6.283185307,0.525664523,1.489637575,0.531440567,0.130714005,1,0.004253378,0.005736904
3,90,29,17.25,1.563096331,0.462064787,0.188091109,0.174046227,0.029521951,1,0.004253378,0.005736904
3,90,29,17.25,0.953585136,2.71E-39,6,0.306349294,0.27131447,1,0.004253378,0.005736904
3,90,29,17.25,1.480309466,0.682098071,1.885183827,0.402744208,0.338756994,1,0.004253378,0.005736904
4,90,29,11.25,6.283185307,0.582101985,0.775497726,0.588258684,0.041772987,1,0.004722073,0.00618071
4,90,29,11.25,1.365317493,0.026457084,6,0.432630856,0.387387728,1,0.004722073,0.00618071
4,90,29,11.25,1.416098744,0.85883626,3.241850779,0.353576887,0.279957266,1,0.004722073,0.00618071
4,90,29,11.25,1.563127499,0.469896935,0.195464273,0.175222522,0.030784063,1,0.004722073,0.00618071
4,90,29,11.25,1.569403377,0.327664629,0.584549351,0.398787003,0.260097956,1,0.004722073,0.00618071
5,90,29,11.5,1.225318217,0.039443593,5.527380413,0.528555824,0.445465228,1,0.005174529,0.006772355
5,90,29,11.5,1.335610503,0.911151882,3.592146687,0.334947518,0.226091505,1,0.005174529,0.006772355
5,90,29,11.5,1.561975369,0.478191124,0.202461566,0.178876713,0.031057697,1,0.005174529,0.006772355
5,90,29,11.5,6.283185307,0.478317055,0.665075454,0.647694192,0.036339891,1,0.005174529,0.006772355
5,90,29,11.5,1.572883944,0.349743033,0.605926681,0.408270916,0.261045679,1,0.005174529,0.006772355
6,90,29,18.25,1.331854558,0.916022974,3.669690046,0.331686915,0.23417923,1,0.005631563,0.007287303
6,90,29,18.25,1.41837017,0.053773304,3.934849874,0.538687841,0.441134211,1,0.005631563,0.007287303
6,90,29,18.25,6.283185307,0.313249495,0.711184371,0.688062643,0.050182498,1,0.005631563,0.007287303
6,90,29,18.25,1.572565088,0.36115726,0.601521504,0.409484298,0.246793603,1,0.005631563,0.007287303
6,90,29,18.25,1.561976691,0.484721194,0.201141723,0.176880342,0.027710458,1,0.005631563,0.007287303
2,90,2,15,0.665653754,2.13E-22,4.252243312,0.143000201,0.134130867,1,0.002499983,0.003867779
2,90,2,15,1.569228823,4.33E-29,0.546949629,0.305078137,0.252354602,1,0.002499983,0.003867779
2,90,2,15,1.564235446,0.003799749,0.187456283,0.125863553,0.040526298,1,0.002499983,0.003867779
2,90,2,15,5.62998383,8.26E-36,1.4498342,0.281323942,0.0808197,1,0.002499983,0.003867779
2,90,2,15,0.845903985,0.097281163,6,0.588792726,0.492168533,1,0.002499983,0.003867779
3,90,2,7,1.570224233,0.010412279,0.534981695,0.373174328,0.218501603,1,0.002367645,0.003402576
3,90,2,7,0.566472478,1.04E-38,6,0.309425147,0.290666917,1,0.002367645,0.003402576
3,90,2,7,1.563424773,2.94E-24,0.175658452,0.174979688,0.027359234,1,0.002367645,0.003402576
3,90,2,7,6.283185307,0.404754478,1.776139775,0.560859915,0.158850583,1,0.002367645,0.003402576
3,90,2,7,1.304808763,0.663099679,2.212541221,0.402677194,0.304621663,1,0.002367645,0.003402576
4,90,2,18.5,1.340401124,0.134118276,1.036608552,0.516383159,0.233302205,1,0.002561421,0.003442848
4,90,2,18.5,6.283185307,0.069702603,6,0.569910703,0.527492112,1,0.002561421,0.003442848
4,90,2,18.5,2.525552211,0.996473243,5.999999993,0.282031182,0.096721423,1,0.002561421,0.003442848
4,90,2,18.5,1.558784913,2.41E-35,0.146884967,0.161806915,0.014182982,1,0.002561421,0.003442848
4,90,2,18.5,1.587516665,2.96E-09,0.424910087,0.362250972,0.128301278,1,0.002561421,0.003442848
5,90,2,6.5,6.283185307,0.092272623,2.282805214,0.610347081,0.287855006,1,0.0030119,0.003991596
5,90,2,6.5,1.578657144,6.29E-21,0.451577709,0.401863835,0.143033622,1,0.0030119,0.003991596
5,90,2,6.5,0.960603617,0.977967736,5.999999999,0.288082354,0.109156841,1,0.0030119,0.003991596
5,90,2,6.5,1.304205829,0.141028493,1.519812996,0.542246065,0.445977967,1,0.0030119,0.003991596
5,90,2,6.5,1.560955499,4.88E-20,0.153651897,0.165071826,0.013976563,1,0.0030119,0.003991596
6,90,2,3.75,1.562514865,3.89E-15,0.151813888,0.160282491,0.011977049,1,0.003465697,0.004581797
6,90,2,3.75,1.57245283,2.33E-11,0.445687123,0.407954805,0.133074409,1,0.003465697,0.004581797
6,90,2,3.75,6.283185307,0.092884277,1.717640704,0.620041136,0.209845595,1,0.003465697,0.004581797
6,90,2,3.75,1.051435672,0.963481043,6,0.299927056,0.135759638,1,0.003465697,0.004581797
6,90,2,3.75,1.45721926,0.136074274,1.599615517,0.546180475,0.50934331,1,0.003465697,0.004581797
2,90,32,3,6.122392634,7.65E-35,1.917401968,0.611789463,0.202884673,1,0.00487454,0.006625326
2,90,32,3,1.217918084,1.62E-33,6,0.180082157,0.208748168,1,0.00487454,0.006625326
2,90,32,3,1.286165512,0.292877119,1.687062015,0.517436698,0.342558757,1,0.00487454,0.006625326
2,90,32,3,1.57311951,0.022769988,0.52478428,0.437371243,0.221978763,1,0.00487454,0.006625326
2,90,32,3,1.564473487,0.491168786,0.184976,0.177583845,0.023829639,1,0.00487454,0.006625326
3,90,32,13.5,1.569837955,0.281124548,0.548265241,0.385068284,0.229197501,1,0.004715415,0.006274812
3,90,32,13.5,6.283185307,0.556246762,1.366573109,0.524803382,0.115422458,1,0.004715415,0.006274812
3,90,32,13.5,1.509485248,0.705264695,1.959978121,0.396344397,0.341228694,1,0.004715415,0.006274812
3,90,32,13.5,1.078612846,4.11E-22,6,0.314054541,0.286955116,1,0.004715415,0.006274812
3,90,32,13.5,1.563174067,0.516546904,0.190714398,0.172334433,0.027196232,1,0.004715415,0.006274812
4,90,32,4.25,1.562960287,0.522290983,0.199109783,0.173521748,0.029073275,1,0.005070655,0.006578709
4,90,32,4.25,1.569940501,0.36147589,0.593724022,0.397108134,0.261017129,1,0.005070655,0.006578709
4,90,32,4.25,1.351901778,0.03831652,6,0.443663889,0.406458604,1,0.005070655,0.006578709
4,90,32,4.25,6.283185307,0.585907518,0.741278766,0.59697242,0.039605054,1,0.005070655,0.006578709
4,90,32,4.25,1.397626068,0.883901906,3.283683561,0.342941947,0.263845937,1,0.005070655,0.006578709
5,90,32,10.5,1.561846669,0.530359174,0.205916252,0.174574267,0.02916699,1,0.005488059,0.007125018
5,90,32,10.5,6.283185307,0.49590255,0.663300182,0.64363752,0.037108222,1,0.005488059,0.007125018
5,90,32,10.5,1.236939755,0.052033241,5.461458207,0.528551523,0.452257474,1,0.005488059,0.007125018
5,90,32,10.5,1.339948512,0.924177378,3.534498813,0.327173694,0.22120935,1,0.005488059,0.007125018
5,90,32,10.5,1.573182734,0.38262348,0.611940677,0.404768377,0.260257964,1,0.005488059,0.007125018
6,90,32,18.25,1.413560782,0.065619254,3.997286844,0.535859287,0.445364614,1,0.005928524,0.007634432
6,90,32,18.25,1.561846604,0.536696559,0.205512964,0.171687388,0.02625476,1,0.005928524,0.007634432
6,90,32,18.25,1.33790344,0.926777045,3.621239104,0.325335271,0.232147574,1,0.005928524,0.007634432
6,90,32,18.25,6.283185307,0.347421688,0.706677696,0.680279939,0.049959168,1,0.005928524,0.007634432
6,90,32,18.25,1.572913425,0.393978762,0.608413509,0.406124669,0.246273885,1,0.005928524,0.007634432
2,90,35,5.75,1.573598396,0.04918478,0.53711687,0.4510788,0.2182186,1,0.005156783,0.006829808
2,90,35,5.75,1.276245749,0.305941445,1.728678741,0.516803886,0.345651145,1,0.005156783,0.006829808
2,90,35,5.75,1.564847662,0.545495765,0.191747941,0.176141298,0.022094779,1,0.005156783,0.006829808
2,90,35,5.75,1.227376405,1.30E-29,6,0.181443644,0.212399403,1,0.005156783,0.006829808
2,90,35,5.75,6.283185307,6.99E-27,1.996309105,0.620339494,0.201636073,1,0.005156783,0.006829808
3,90,35,7.75,1.563598234,0.570382258,0.193491691,0.16886561,0.024873592,1,0.005224522,0.006834452
3,90,35,7.75,1.52874693,0.773678461,2.406960601,0.372873394,0.320771944,1,0.005224522,0.006834452
3,90,35,7.75,1.567889026,0.326802984,0.566756899,0.390426141,0.242018393,1,0.005224522,0.006834452
3,90,35,7.75,6.283185307,0.597692641,1.049823648,0.531196045,0.072743676,1,0.005224522,0.006834452
3,90,35,7.75,1.364169499,0.009647097,6,0.339001529,0.339592395,1,0.005224522,0.006834452
4,90,35,4.75,1.570459839,0.395335818,0.605861522,0.395716673,0.261411517,1,0.005445738,0.007012983
4,90,35,4.75,6.283185307,0.582794794,0.705011102,0.612371488,0.037088137,1,0.005445738,0.007012983
4,90,35,4.75,1.346679077,0.051111852,6,0.464809398,0.435283619,1,0.005445738,0.007012983
4,90,35,4.75,1.562816753,0.575093648,0.204406955,0.171382456,0.027627154,1,0.005445738,0.007012983
4,90,35,4.75,1.371700229,0.915791703,3.333843916,0.329086249,0.238589572,1,0.005445738,0.007012983
5,90,35,11.75,1.33757531,0.939925616,3.516376103,0.317924778,0.212597701,1,0.005819284,0.007523685
5,90,35,11.75,1.561732635,0.581674633,0.212420239,0.171944023,0.028104991,1,0.005819284,0.007523685
5,90,35,11.75,6.283185307,0.517748214,0.653833516,0.637187866,0.036763129,1,0.005819284,0.007523685
5,90,35,11.75,1.242810547,0.065893726,5.511020135,0.532648752,0.463316948,1,0.005819284,0.007523685
5,90,35,11.75,1.573527518,0.41470766,0.623111375,0.40251345,0.25921723,1,0.005819284,0.007523685
6,90,35,17.5,1.33672775,0.939795052,3.624814598,0.317954444,0.227320385,1,0.006246036,0.00803171
6,90,35,17.5,6.283185307,0.385897419,0.693961237,0.669818966,0.048297585,1,0.006246036,0.00803171
6,90,35,17.5,1.561715542,0.587123729,0.213732822,0.169433303,0.02584126,1,0.006246036,0.00803171
6,90,35,17.5,1.405573023,0.078807495,4.143229488,0.535800404,0.452664164,1,0.006246036,0.00803171
6,90,35,17.5,1.573362871,0.425268123,0.621742577,0.40459099,0.245876606,1,0.006246036,0.00803171
2,90,38,13.75,1.231012058,1.31E-30,6,0.182184522,0.214469663,1,0.005515319,0.007106067
2,90,38,13.75,1.565305446,0.598949933,0.202674064,0.178762667,0.021481626,1,0.005515319,0.007106067
2,90,38,13.75,6.283185307,3.06E-26,1.971261501,0.629019178,0.202406679,1,0.005515319,0.007106067
2,90,38,13.75,1.296803401,0.313874818,1.706863196,0.517479945,0.354876416,1,0.005515319,0.007106067
2,90,38,13.75,1.574777818,0.071359789,0.548163825,0.462431605,0.206765617,1,0.005515319,0.007106067
3,90,38,13.25,1.567918953,0.367118968,0.586448564,0.394872868,0.248665441,1,0.005715803,0.007370942
3,90,38,13.25,1.486174073,0.829059009,2.798719592,0.352755329,0.294169694,1,0.005715803,0.007370942
3,90,38,13.25,6.283185307,0.597524325,0.880157493,0.559711353,0.052914789,1,0.005715803,0.007370942
3,90,38,13.25,1.464031016,0.018546708,6,0.362098795,0.380926142,1,0.005715803,0.007370942
3,90,38,13.25,1.563772708,0.624095285,0.199663075,0.164895987,0.023323933,1,0.005715803,0.007370942
4,90,38,8,1.562650885,0.628210101,0.2115774,0.168631956,0.026408844,1,0.005842039,0.007478245
4,90,38,8,1.340767657,0.957993484,3.311190445,0.307432315,0.191994632,1,0.005842039,0.007478245
4,90,38,8,1.571064801,0.429235841,0.620673407,0.394099643,0.261063804,1,0.005842039,0.007478245
4,90,38,8,6.283185307,0.567282331,0.668259222,0.637207119,0.034345192,1,0.005842039,0.007478245
4,90,38,8,1.335045445,0.059711172,6,0.515037073,0.486187528,1,0.005842039,0.007478245
5,90,38,18.25,1.56165381,0.632048893,0.222050844,0.170866386,0.027750473,1,0.006187312,0.007990854
5,90,38,18.25,1.245450582,0.079349661,5.660154291,0.538906244,0.475664747,1,0.006187312,0.007990854
5,90,38,18.25,1.573880864,0.445047817,0.638911193,0.401497334,0.257647016,1,0.006187312,0.007990854
5,90,38,18.25,1.333293599,0.956207069,3.520500808,0.308348168,0.203206852,1,0.006187312,0.007990854
5,90,38,18.25,6.283185307,0.545067378,0.640135379,0.627252542,0.035730911,1,0.006187312,0.007990854
6,90,38,19.5,6.283185307,0.427996391,0.677186074,0.656960281,0.045909187,1,0.006611149,0.008508417
6,90,38,19.5,1.396812462,0.092224914,4.354193772,0.538121723,0.461836086,1,0.006611149,0.008508417
6,90,38,19.5,1.332760686,0.953838631,3.654152366,0.310191872,0.221026595,1,0.006611149,0.008508417
6,90,38,19.5,1.561614595,0.636287208,0.22531609,0.169444262,0.026162178,1,0.006611149,0.008508417
6,90,38,19.5,1.57384281,0.454367878,0.640061818,0.404450892,0.245065955,1,0.006611149,0.008508417
2,90,41,18,6.283185307,3.55E-23,1.950651004,0.637681418,0.204258347,1,0.005935873,0.007491925
2,90,41,18,1.576137645,0.091575249,0.559598435,0.472416529,0.192565141,1,0.005935873,0.007491925
2,90,41,18,1.228860289,9.04E-30,6,0.182702144,0.216147014,1,0.005935873,0.007491925
2,90,41,18,1.565953809,0.652732365,0.21700105,0.183207378,0.021454616,1,0.005935873,0.007491925
2,90,41,18,1.316576371,0.321994726,1.6820701,0.518895643,0.365574881,1,0.005935873,0.007491925
3,90,41,7.25,1.567974763,0.402333053,0.608398128,0.398297026,0.250321247,1,0.006193748,0.007933145
3,90,41,7.25,1.435951435,0.879275138,3.073295909,0.334007429,0.264195157,1,0.006193748,0.007933145
3,90,41,7.25,6.283185307,0.582593467,0.782079003,0.595920065,0.043293655,1,0.006193748,0.007933145
3,90,41,7.25,1.564011731,0.67663473,0.210304611,0.162477716,0.022722658,1,0.006193748,0.007933145
3,90,41,7.25,1.519391886,0.023309289,6,0.389669605,0.419467283,1,0.006193748,0.007933145
4,90,41,13,6.283185307,0.573155258,0.650282111,0.636869321,0.033586746,1,0.006247039,0.008001825
4,90,41,13,1.331007201,0.977857859,3.311314193,0.295138154,0.176837234,1,0.006247039,0.008001825
4,90,41,13,1.367911773,0.067192784,6,0.533194665,0.505558143,1,0.006247039,0.008001825
4,90,41,13,1.571081831,0.459615382,0.638010277,0.393963061,0.258153307,1,0.006247039,0.008001825
4,90,41,13,1.562759204,0.679789502,0.222322816,0.166622019,0.025864571,1,0.006247039,0.008001825
5,90,41,17,1.248140849,0.091885204,5.900814002,0.545835288,0.487645882,1,0.006606345,0.008544956
5,90,41,17,1.5741995,0.473124033,0.659005953,0.401475295,0.255292248,1,0.006606345,0.008544956
5,90,41,17,1.561639961,0.681357487,0.234916665,0.171347461,0.028011209,1,0.006606345,0.008544956
5,90,41,17,6.283185307,0.57729524,0.624741221,0.613546506,0.034332903,1,0.006606345,0.008544956
5,90,41,17,1.329202576,0.972059244,3.537755006,0.299173304,0.194717758,1,0.006606345,0.008544956
6,90,41,16.75,1.327821492,0.968129386,3.695165257,0.302588831,0.214542843,1,0.007046831,0.009084856
6,90,41,16.75,1.561583989,0.684340101,0.240144385,0.171388382,0.027066476,1,0.007046831,0.009084856
6,90,41,16.75,1.389653452,0.105302268,4.624324947,0.541935188,0.471715836,1,0.007046831,0.009084856
6,90,41,16.75,1.574291562,0.480908913,0.662654126,0.405228701,0.243443101,1,0.007046831,0.009084856
6,90,41,16.75,6.283185307,0.472983396,0.659006301,0.641684809,0.043231745,1,0.007046831,0.009084856
2,90,44,11.25,1.57780072,0.112016233,0.569702886,0.47882649,0.175337381,1,0.006426508,0.00798436
2,90,44,11.25,6.283185307,4.54E-30,1.931868884,0.646304966,0.206872798,1,0.006426508,0.00798436
2,90,44,11.25,1.566852708,0.708026133,0.235263934,0.187263789,0.021789878,1,0.006426508,0.00798436
2,90,44,11.25,1.230768507,6.08E-29,6,0.182999284,0.217227788,1,0.006426508,0.00798436
2,90,44,11.25,1.335543874,0.327945888,1.655981162,0.522366492,0.378772156,1,0.006426508,0.00798436
3,90,44,6.75,1.578377929,0.020971603,6,0.429012953,0.462007041,1,0.006709862,0.008562703
3,90,44,6.75,1.38796174,0.930695173,3.264394097,0.314114615,0.228158405,1,0.006709862,0.008562703
3,90,44,6.75,1.564519098,0.727390035,0.225688403,0.161957131,0.022945997,1,0.006709862,0.008562703
3,90,44,6.75,6.283185307,0.555747713,0.715192604,0.639991768,0.037530961,1,0.006709862,0.008562703
3,90,44,6.75,1.567461349,0.433916519,0.634089939,0.401438621,0.249357597,1,0.006709862,0.008562703
4,90,44,10.5,1.570678368,0.487781959,0.659046615,0.3945568,0.25380454,1,0.006705369,0.008610871
4,90,44,10.5,1.423993947,0.074052077,6,0.546877126,0.520066208,1,0.006705369,0.008610871
4,90,44,10.5,1.324902729,0.994439022,3.324577791,0.284825751,0.167003067,1,0.006705369,0.008610871
4,90,44,10.5,6.283185307,0.58372292,0.637243556,0.631027169,0.033184322,1,0.006705369,0.008610871
4,90,44,10.5,1.563100229,0.729672237,0.236641105,0.166300214,0.025941863,1,0.006705369,0.008610871
5,90,44,14.75,1.573953813,0.499785121,0.680910465,0.401254543,0.250875529,1,0.007108978,0.009207482
5,90,44,14.75,1.325949228,0.986885281,3.55047215,0.291029554,0.188282369,1,0.007108978,0.009207482
5,90,44,14.75,6.283185307,0.600443195,0.617330468,0.602159461,0.033874679,1,0.007108978,0.009207482
5,90,44,14.75,1.300149144,0.10346731,5.999448949,0.552114903,0.498448173,1,0.007108978,0.009207482
5,90,44,14.75,1.561907276,0.729811628,0.250266944,0.17285077,0.02851925,1,0.007108978,0.009207482
6,90,44,13.25,1.384652135,0.117729528,4.970226593,0.546476027,0.481423446,1,0.007565163,0.009779678
6,90,44,13.25,1.574704702,0.504269225,0.689608158,0.406623435,0.240774884,1,0.007565163,0.009779678
6,90,44,13.25,1.320900873,0.982209548,3.744237417,0.295600842,0.208827389,1,0.007565163,0.009779678
6,90,44,13.25,1.561664232,0.731374416,0.258653195,0.175300849,0.028578174,1,0.007565163,0.009779678
6,90,44,13.25,6.283185307,0.520771788,0.640368639,0.623620298,0.040396106,1,0.007565163,0.009779678
2,90,47,17.25,6.283185307,2.64E-22,1.911578939,0.654674601,0.209833351,1,0.006966378,0.008556909
2,90,47,17.25,1.352770661,0.328393591,1.633140648,0.529278455,0.395485951,1,0.006966378,0.008556909
2,90,47,17.25,1.25760685,1.73E-35,6,0.182910928,0.217116346,1,0.006966378,0.008556909
2,90,47,17.25,1.568101451,0.764969141,0.258991549,0.189268281,0.02246367,1,0.006966378,0.008556909
2,90,47,17.25,1.579957567,0.135257343,0.576892147,0.479257203,0.155100682,1,0.006966378,0.008556909
3,90,47,9.25,1.565409815,0.775989608,0.24573351,0.163535835,0.023834898,1,0.007285503,0.009288825
3,90,47,9.25,1.355757823,0.972691513,3.35718148,0.296526869,0.196448549,1,0.007285503,0.009288825
3,90,47,9.25,1.566143344,0.46136104,0.662699405,0.404558239,0.245506058,1,0.007285503,0.009288825
3,90,47,9.25,6.283185307,0.531337311,0.674647875,0.673815146,0.034552922,1,0.007285503,0.009288825
3,90,47,9.25,1.651685493,0.010453577,6,0.472435848,0.499657572,1,0.007285503,0.009288825
4,90,47,8,1.569810654,0.513563179,0.683664623,0.395426762,0.247932314,1,0.007250254,0.009339245
4,90,47,8,1.320316678,1.009006788,3.353463393,0.276586858,0.161260816,1,0.007250254,0.009339245
4,90,47,8,1.496579252,0.080666195,5.999999954,0.557045871,0.531208704,1,0.007250254,0.009339245
4,90,47,8,6.283185307,0.597168088,0.628277185,0.621830328,0.033042863,1,0.007250254,0.009339245
4,90,47,8,1.563730968,0.778011019,0.254603644,0.167967984,0.026555303,1,0.007250254,0.009339245
5,90,47,17.5,1.321668534,1.000693903,3.566238846,0.284192607,0.18407834,1,0.007712219,0.010001499
5,90,47,17.5,1.381071216,0.114069663,5.999671862,0.557584846,0.508163719,1,0.007712219,0.010001499
5,90,47,17.5,6.283185307,0.617904837,0.615580663,0.59225512,0.034034605,1,0.007712219,0.010001499
5,90,47,17.5,1.573205265,0.524648531,0.70483963,0.40065116,0.244417457,1,0.007712219,0.010001499
5,90,47,17.5,1.562489641,0.777561113,0.268533698,0.175607557,0.029305879,1,0.007712219,0.010001499
6,90,47,14.5,1.561915626,0.777417332,0.281920301,0.181370856,0.030880641,1,0.00818636,0.010607252
6,90,47,14.5,1.380370418,0.129551882,5.437927158,0.551494538,0.490661408,1,0.00818636,0.010607252
6,90,47,14.5,1.308318728,0.995922687,3.801607601,0.289454104,0.204233557,1,0.00818636,0.010607252
6,90,47,14.5,6.283185307,0.571787312,0.621430113,0.602175803,0.03738871,1,0.00818636,0.010607252
6,90,47,14.5,1.575141021,0.523338786,0.721578501,0.408394042,0.236835683,1,0.00818636,0.010607252
2,90,50,8.5,1.322980027,8.30E-30,6,0.182314527,0.215490584,1,0.00751083,0.009168092
2,90,50,8.5,6.283185307,2.55E-18,1.8867486,0.662743866,0.212696737,1,0.00751083,0.009168092
2,90,50,8.5,1.58283341,0.163131785,0.579717302,0.470876801,0.132158423,1,0.00751083,0.009168092
2,90,50,8.5,1.56989907,0.822207414,0.291178951,0.188968367,0.02373064,1,0.00751083,0.009168092
2,90,50,8.5,1.367669323,0.321713467,1.618080747,0.539794209,0.415923616,1,0.00751083,0.009168092
3,90,50,9.5,6.283185307,0.524498087,0.652030056,0.684175666,0.033303216,1,0.007942631,0.010151305
3,90,50,9.5,1.339071646,0.999828676,3.408841498,0.284458877,0.17814355,1,0.007942631,0.010151305
3,90,50,9.5,1.566763129,0.822594239,0.26996498,0.167586726,0.025225664,1,0.007942631,0.010151305
3,90,50,9.5,1.73669457,6.86E-13,6,0.505003778,0.524541089,1,0.007942631,0.010151305
3,90,50,9.5,1.564067217,0.484736393,0.693631024,0.407450863,0.238786482,1,0.007942631,0.010151305
4,90,50,15.5,1.568491578,0.536742825,0.711523242,0.395984517,0.240311181,1,0.007900564,0.01021767
4,90,50,15.5,1.564712968,0.825259894,0.276487786,0.171556229,0.027629139,1,0.007900564,0.01021767
4,90,50,15.5,6.283185307,0.611730961,0.622924278,0.611014213,0.033111709,1,0.007900564,0.01021767
4,90,50,15.5,1.314013568,1.022273561,3.397824217,0.270279635,0.158556511,1,0.007900564,0.01021767
4,90,50,15.5,1.576720118,0.087230484,5.999959017,0.564797252,0.54039146,1,0.007900564,0.01021767
5,90,50,15.5,1.563387216,0.824835841,0.29065785,0.179746931,0.030484845,1,0.008428143,0.010947923
5,90,50,15.5,1.313083978,1.013703599,3.59402748,0.278671176,0.181897466,1,0.008428143,0.010947923
5,90,50,15.5,6.283185307,0.634769105,0.615828971,0.58191589,0.03431004,1,0.008428143,0.010947923
5,90,50,15.5,1.463334866,0.123936579,5.999709119,0.562395505,0.517207368,1,0.008428143,0.010947923
5,90,50,15.5,1.572189372,0.546908704,0.731454368,0.399496516,0.236100281,1,0.008428143,0.010947923
6,90,50,9,1.575484842,0.537954548,0.757244616,0.409419494,0.230677198,1,0.008917086,0.011580857
6,90,50,9,1.386059455,0.140927722,5.999939843,0.55671841,0.499606073,1,0.008917086,0.011580857
6,90,50,9,1.562521355,0.822657042,0.310369913,0.188983308,0.033902264,1,0.008917086,0.011580857
6,90,50,9,6.283185307,0.621033169,0.60607236,0.579174184,0.034760894,1,0.008917086,0.011580857
6,90,50,9,1.287129063,1.009071828,3.857209309,0.284277392,0.201053571,1,0.008917086,0.011580857
2,90,53,9.75,1.772355781,1.031488495,6,0.264710731,0.105292441,1,0.008104664,0.011101099
2,90,53,9.75,6.283185307,2.45E-42,6,0.464563428,0.458718566,1,0.008104664,0.011101099
2,90,53,9.75,1.882007447,0.016382332,6,0.13549449,0.110818411,1,0.008104664,0.011101099
2,90,53,9.75,1.455071198,0.180954727,0.877587095,0.500913364,0.293182207,1,0.008104664,0.011101099
2,90,53,9.75,1.598894975,0.832747037,0.339846998,0.203399019,0.031988375,1,0.008104664,0.011101099
3,90,53,14.5,1.568574904,0.867939486,0.298590539,0.173854951,0.0270059,1,0.008731642,0.011199988
3,90,53,14.5,1.32489071,1.015855472,3.491192854,0.278615642,0.173848955,1,0.008731642,0.011199988
3,90,53,14.5,1.813692189,1.98E-24,6,0.518607075,0.536984218,1,0.008731642,0.011199988
3,90,53,14.5,6.283185307,0.529706147,0.639846171,0.680565488,0.032984498,1,0.008731642,0.011199988
3,90,53,14.5,1.56164911,0.504610043,0.726027366,0.409656075,0.229176429,1,0.008731642,0.011199988
4,90,53,8.75,1.566831484,0.557129173,0.741998128,0.395559589,0.23062947,1,0.008678484,0.011278309
4,90,53,8.75,1.654256715,0.094244944,6,0.57003906,0.54822901,1,0.008678484,0.011278309
4,90,53,8.75,1.566122435,0.871973079,0.302867729,0.176592476,0.029090855,1,0.008678484,0.011278309
4,90,53,8.75,6.283185307,0.625842529,0.620772701,0.599993657,0.033354435,1,0.008678484,0.011278309
4,90,53,8.75,1.301066741,1.034437603,3.463839172,0.265923964,0.15869623,1,0.008678484,0.011278309
5,90,53,8,1.564614452,0.872157504,0.316903361,0.184443095,0.031871055,1,0.009279887,0.012075162
5,90,53,8,6.283185307,0.649903409,0.617800497,0.571876257,0.034678983,1,0.009279887,0.012075162
5,90,53,8,1.571224505,0.566821393,0.759551885,0.396995635,0.225637414,1,0.009279887,0.012075162
5,90,53,8,1.295687773,1.025961299,3.640717915,0.274384901,0.181519422,1,0.009279887,0.012075162
5,90,53,8,1.532304278,0.133335826,5.999990904,0.566679518,0.526293126,1,0.009279887,0.012075162
6,90,53,12.5,1.462110929,0.150959307,5.99966642,0.560633005,0.509255407,1,0.009794182,0.012736441
6,90,53,12.5,1.563968845,0.869221233,0.338468603,0.194256111,0.035656149,1,0.009794182,0.012736441
6,90,53,12.5,1.264003087,1.020616129,3.886393659,0.280555792,0.200689861,1,0.009794182,0.012736441
6,90,53,12.5,1.574557697,0.555814017,0.784464685,0.405546344,0.219177826,1,0.009794182,0.012736441
6,90,53,12.5,6.283185307,0.638979169,0.611390985,0.56895997,0.035220757,1,0.009794182,0.012736441
2,90,56,14.5,1.431675878,0.181264773,0.927362379,0.50723898,0.282712812,1,0.008298908,0.011300161
2,90,56,14.5,1.605212619,0.870735837,0.384181736,0.209194906,0.03469649,1,0.008298908,0.011300161
2,90,56,14.5,2.33061973,0.015226346,6,0.137848224,0.1149571,1,0.008298908,0.011300161
2,90,56,14.5,6.283185307,2.09E-37,6,0.48879584,0.472257469,1,0.008298908,0.011300161
2,90,56,14.5,1.63400993,1.059672464,6,0.251991332,0.095376129,1,0.008298908,0.011300161
3,90,56,11.75,1.570939119,0.913078487,0.332104995,0.180719118,0.028971982,1,0.009705634,0.012469986
3,90,56,11.75,1.298757189,1.029825063,3.59128568,0.274472715,0.171975765,1,0.009705634,0.012469986
3,90,56,11.75,1.871353626,1.38E-34,6,0.531036368,0.548946151,1,0.009705634,0.012469986
3,90,56,11.75,1.559086624,0.522145241,0.759577342,0.409667843,0.217151862,1,0.009705634,0.012469986
3,90,56,11.75,6.283185307,0.534948611,0.632739033,0.674922494,0.032954241,1,0.009705634,0.012469986
4,90,56,8.75,1.563012231,0.576706249,0.770567381,0.393147797,0.21700068,1,0.009735954,0.012645388
4,90,56,8.75,1.29175797,1.041613218,3.590430643,0.268730114,0.17263963,1,0.009735954,0.012645388
4,90,56,8.75,1.568854538,0.919544027,0.332576963,0.181466925,0.030375096,1,0.009735954,0.012645388
4,90,56,8.75,1.758068816,0.107637282,5.649431955,0.55444615,0.544020235,1,0.009735954,0.012645388
4,90,56,8.75,6.283185307,0.615477085,0.637495066,0.603261906,0.035964359,1,0.009735954,0.012645388
5,90,56,9.75,6.283185307,0.661739588,0.620917486,0.562794401,0.03510656,1,0.010292058,0.013429262
5,90,56,9.75,1.571122398,0.586076297,0.78636782,0.392160134,0.212922808,1,0.010292058,0.013429262
5,90,56,9.75,1.266698958,1.037221999,3.72138908,0.271493299,0.183126757,1,0.010292058,0.013429262
5,90,56,9.75,1.566028808,0.920536844,0.346457753,0.18784045,0.0329068,1,0.010292058,0.013429262
5,90,56,9.75,1.564976343,0.14214127,5.999739062,0.570151964,0.535937075,1,0.010292058,0.013429262
6,90,56,18.25,1.231911706,1.031013275,3.955822653,0.278167556,0.202509626,1,0.010842225,0.014130977
6,90,56,18.25,1.575051342,0.574781399,0.807940629,0.398679623,0.205692656,1,0.010842225,0.014130977
6,90,56,18.25,6.283185307,0.652908313,0.616785261,0.559684511,0.035679013,1,0.010842225,0.014130977
6,90,56,18.25,1.565438785,0.917515263,0.36818044,0.197072744,0.036490705,1,0.010842225,0.014130977
6,90,56,18.25,1.48571237,0.159527922,5.999621916,0.563849146,0.519628,1,0.010842225,0.014130977
2,90,59,10.75,6.283185307,1.35E-25,2.700349974,0.541653544,0.322436065,1,0.008461986,0.01104436
2,90,59,10.75,1.373061143,0.220885626,1.194242724,0.472907978,0.409171778,1,0.008461986,0.01104436
2,90,59,10.75,0.940368403,5.52E-18,6,0.159489539,0.152880449,1,0.008461986,0.01104436
2,90,59,10.75,1.599813881,0.907461893,0.416363135,0.221620395,0.037996269,1,0.008461986,0.01104436
2,90,59,10.75,5.88E-20,1.100552402,6,0.229453152,0.077515439,1,0.008461986,0.01104436
3,90,59,18.25,1.253863781,1.041871072,3.732081206,0.271909868,0.172087889,1,0.010811814,0.013929774
3,90,59,18.25,1.890356785,5.13E-20,6,0.542565884,0.561416394,1,0.010811814,0.013929774
3,90,59,18.25,1.57375021,0.958873856,0.369891658,0.186203115,0.03062021,1,0.010811814,0.013929774
3,90,59,18.25,6.283185307,0.536112782,0.629511631,0.669444149,0.033099977,1,0.010811814,0.013929774
3,90,59,18.25,1.557293668,0.539445002,0.791909965,0.406829799,0.20277553,1,0.010811814,0.013929774
4,90,59,7.25,1.5730495,0.976716824,0.350709792,0.176180502,0.0272585,1,0.011455423,0.014741515
4,90,59,7.25,1.55689103,0.617702067,0.766135301,0.378255191,0.189286845,1,0.011455423,0.014741515
4,90,59,7.25,6.283185307,0.488821985,0.740768889,0.658688909,0.052340948,1,0.011455423,0.014741515
4,90,59,7.25,1.340678552,1.041618844,3.500221877,0.276218874,0.197887011,1,0.011455423,0.014741515
4,90,59,7.25,1.757789172,0.125377877,4.284255535,0.524082335,0.533226695,1,0.011455423,0.014741515
5,90,59,14,1.226087289,1.046668407,3.863910935,0.270779564,0.187798679,1,0.011457341,0.015024734
5,90,59,14,1.538344193,0.149643687,5.999965038,0.57161981,0.545762443,1,0.011457341,0.015024734
5,90,59,14,6.283185307,0.668652579,0.624232915,0.555240448,0.035510831,1,0.011457341,0.015024734
5,90,59,14,1.567261415,0.971856054,0.377711567,0.187113572,0.032731767,1,0.011457341,0.015024734
5,90,59,14,1.573206151,0.607955578,0.80785126,0.384354434,0.19819628,1,0.011457341,0.015024734
6,90,59,14,1.435864309,0.165115658,5.999985327,0.565225445,0.529943347,1,0.012035502,0.015762225
6,90,59,14,1.566355569,0.970264122,0.397085809,0.194101607,0.035284407,1,0.012035502,0.015762225
6,90,59,14,6.283185307,0.661082628,0.621140012,0.551645136,0.036019264,1,0.012035502,0.015762225
6,90,59,14,1.578503076,0.59943215,0.822837942,0.388363022,0.190817738,1,0.012035502,0.015762225
6,90,59,14,1.19169048,1.039265996,4.10042003,0.278096357,0.207935243,1,0.012035502,0.015762225
2,90,5,14.75,0.811530671,0.064691069,6,0.602496582,0.493628212,1,0.002723458,0.004165099
2,90,5,14.75,5.699445119,1.23E-37,1.444747597,0.276246659,0.075555281,1,0.002723458,0.004165099
2,90,5,14.75,1.56402864,0.044241646,0.178638585,0.11934975,0.041326655,1,0.002723458,0.004165099
2,90,5,14.75,0.862341928,4.01E-20,3.961535207,0.143687959,0.130832878,1,0.002723458,0.004165099
2,90,5,14.75,1.569542026,6.14E-38,0.534814624,0.315941328,0.258656974,1,0.002723458,0.004165099
3,90,5,5.5,1.570311563,0.041376651,0.527293326,0.369095561,0.224311158,1,0.002499589,0.003569071
3,90,5,5.5,1.34158743,0.665331288,2.149717943,0.402313111,0.304384431,1,0.002499589,0.003569071
3,90,5,5.5,6.283185307,0.425319575,1.730759561,0.554562879,0.152116036,1,0.002499589,0.003569071
3,90,5,5.5,1.563426993,0.064674114,0.170767657,0.157243847,0.029438735,1,0.002499589,0.003569071
3,90,5,5.5,0.618428644,2.10E-31,6,0.310025375,0.289749641,1,0.002499589,0.003569071
4,90,5,11.75,2.36612288,0.997606477,6,0.280053423,0.09457813,1,0.00269745,0.003617744
4,90,5,11.75,1.36196827,0.150099266,1.012964229,0.511224208,0.242456852,1,0.00269745,0.003617744
4,90,5,11.75,6.283185307,0.068132068,5.999999999,0.573993517,0.518667206,1,0.00269745,0.003617744
4,90,5,11.75,1.559091172,0.068800448,0.142290361,0.144701441,0.015373359,1,0.00269745,0.003617744
4,90,5,11.75,1.586547642,0.044705908,0.412525648,0.351731824,0.128924452,1,0.00269745,0.003617744
5,90,5,13.5,1.57842503,0.049654782,0.447742673,0.393097272,0.147927638,1,0.003170034,0.004198751
5,90,5,13.5,1.31146623,0.151806824,1.499594947,0.542266789,0.444747973,1,0.003170034,0.004198751
5,90,5,13.5,1.561157366,0.058955789,0.151905196,0.159723233,0.016090941,1,0.003170034,0.004198751
5,90,5,13.5,0.906888049,0.980101497,5.999999965,0.285204965,0.105801635,1,0.003170034,0.004198751
5,90,5,13.5,6.283185307,0.093723106,2.290694641,0.613545485,0.285431814,1,0.003170034,0.004198751
6,90,5,14,1.455469497,0.149654299,1.580941597,0.54480381,0.506033228,1,0.003636532,0.004788353
6,90,5,14,6.283185307,0.0989016,1.736603475,0.622733596,0.210801702,1,0.003636532,0.004788353
6,90,5,14,1.572455743,0.045828357,0.442569111,0.401841511,0.138444279,1,0.003636532,0.004788353
6,90,5,14,0.955048801,0.967359773,5.999941989,0.296459585,0.130953505,1,0.003636532,0.004788353
6,90,5,14,1.562586514,0.057852346,0.149241242,0.157413566,0.013767286,1,0.003636532,0.004788353
2,90,62,7.5,1.369519188,0.236129919,1.290941011,0.475792204,0.42589881,1,0.008174471,0.010516936
2,90,62,7.5,1.598700943,0.946369169,0.456128714,0.221809559,0.037413641,1,0.008174471,0.010516936
2,90,62,7.5,9.29E-18,1.119410071,6,0.219624652,0.072761073,1,0.008174471,0.010516936
2,90,62,7.5,0.934916999,2.82E-30,6,0.160908402,0.159081006,1,0.008174471,0.010516936
2,90,62,7.5,6.283185307,3.13E-22,2.453323096,0.560795312,0.304845471,1,0.008174471,0.010516936
3,90,62,17.5,0.169639683,5.23E-31,6,0.230747584,0.131570838,1,0.0144509,0.017891744
3,90,62,17.5,1.45E-34,1.154638007,4.29202474,0.187536719,0.07358716,1,0.0144509,0.017891744
3,90,62,17.5,1.58744399,0.9715305,0.422689528,0.203869697,0.041153862,1,0.0144509,0.017891744
3,90,62,17.5,1.427034289,0.515995133,1.30470345,0.431032971,0.465735553,1,0.0144509,0.017891744
3,90,62,17.5,6.283185307,0.403268469,2.207907224,0.542656189,0.287952588,1,0.0144509,0.017891744
4,90,62,10.5,1.565571891,0.622998157,0.815867828,0.378785555,0.185115992,1,0.012107178,0.015907343
4,90,62,10.5,6.283185307,0.611893463,0.647342257,0.594151155,0.037695109,1,0.012107178,0.015907343
4,90,62,10.5,1.200332637,1.059199528,3.935249961,0.268432431,0.182761436,1,0.012107178,0.015907343
4,90,62,10.5,1.572566847,1.022270241,0.40108486,0.179206553,0.030033963,1,0.012107178,0.015907343
4,90,62,10.5,1.698406694,0.121197337,5.518280497,0.559305632,0.5643935,1,0.012107178,0.015907343
5,90,62,18.75,6.283185307,0.543840047,1.965601998,0.487689409,0.262357582,1,0.013819576,0.017187505
5,90,62,18.75,1.453444333,0.584778958,1.399757122,0.411984783,0.503593331,1,0.013819576,0.017187505
5,90,62,18.75,4.11E-21,1.168576091,4.756344557,0.18767825,0.092922869,1,0.013819576,0.017187505
5,90,62,18.75,0.461415109,6.33E-31,5.611591098,0.217132833,0.094741615,1,0.013819576,0.017187505
5,90,62,18.75,1.583186679,0.977811364,0.441274955,0.202041634,0.046384604,1,0.013819576,0.017187505
6,90,62,13.75,1.582150145,0.975016695,0.454443821,0.205764719,0.047640326,1,0.01377588,0.017196886
6,90,62,13.75,1.88E-15,1.165244908,4.930958986,0.191827701,0.101106091,1,0.01377588,0.017196886
6,90,62,13.75,1.468008753,0.581138955,1.457796992,0.414796642,0.517736523,1,0.01377588,0.017196886
6,90,62,13.75,0.589869731,1.36E-36,5.346547744,0.204926968,0.083364144,1,0.01377588,0.017196886
6,90,62,13.75,6.283185307,0.550431674,1.853856398,0.485789489,0.250152917,1,0.01377588,0.017196886
2,90,65,7,1.37360259,0.247040808,1.403335646,0.47854823,0.442876079,1,0.00784771,0.010041019
2,90,65,7,1.597114347,0.981165872,0.506524185,0.224882497,0.03748187,1,0.00784771,0.010041019
2,90,65,7,6.283185307,7.55E-20,2.226721045,0.579832967,0.285302381,1,0.00784771,0.010041019
2,90,65,7,1.001187241,1.17E-31,6,0.162431721,0.164970418,1,0.00784771,0.010041019
2,90,65,7,6.20E-14,1.135778076,6,0.212058235,0.069369253,1,0.00784771,0.010041019
3,90,65,12.25,1.559732146,0.6002561,0.822139414,0.388840202,0.163858336,1,0.013302413,0.01725423
3,90,65,12.25,1.578943877,1.071184523,0.447681141,0.17307138,0.027723648,1,0.013302413,0.01725423
3,90,65,12.25,1.241720152,1.029000395,4.152192169,0.292858678,0.224976897,1,0.013302413,0.01725423
3,90,65,12.25,1.777709282,0.035629943,5.325001921,0.491281442,0.543623799,1,0.013302413,0.01725423
3,90,65,12.25,6.283185307,0.458328872,0.677886559,0.685584341,0.03981732,1,0.013302413,0.01725423
4,90,65,17.25,1.575183552,0.648293624,0.836556741,0.370338069,0.169683835,1,0.013233833,0.017625385
4,90,65,17.25,1.572827747,1.076266784,0.44745987,0.17081884,0.028973297,1,0.013233833,0.017625385
4,90,65,17.25,6.283185307,0.635422054,0.627730125,0.574005391,0.034618272,1,0.013233833,0.017625385
4,90,65,17.25,1.538842823,0.123743884,5.999846491,0.571906891,0.583471824,1,0.013233833,0.017625385
4,90,65,17.25,1.096129553,1.067085384,4.314803021,0.26793676,0.183252773,1,0.013233833,0.017625385
5,90,65,17,1.471805831,0.618093292,1.483990183,0.402569331,0.507041278,1,0.014308963,0.017890439
5,90,65,17,0.613149502,2.02E-26,5.999999954,0.235998717,0.118522861,1,0.014308963,0.017890439
5,90,65,17,2.44E-07,1.18674417,5.042797283,0.181484856,0.091918556,1,0.014308963,0.017890439
5,90,65,17,6.283185307,0.590274812,1.816740341,0.46560002,0.239781131,1,0.014308963,0.017890439
5,90,65,17,1.583323178,1.018930001,0.472905124,0.198013954,0.042736174,1,0.014308963,0.017890439
6,90,65,6.75,0.559783768,1.99E-35,5.929827148,0.226077748,0.10742071,1,0.014283073,0.017948771
6,90,65,6.75,1.582161511,1.016734731,0.483712875,0.20058476,0.043173148,1,0.014283073,0.017948771
6,90,65,6.75,2.65E-32,1.184229107,5.251378661,0.184957679,0.098949147,1,0.014283073,0.017948771
6,90,65,6.75,6.283185307,0.596635174,1.737948222,0.462132755,0.231225298,1,0.014283073,0.017948771
6,90,65,6.75,1.484282976,0.617297031,1.536177334,0.403739418,0.519231697,1,0.014283073,0.017948771
2,90,68,19.25,9.41E-20,1.150099412,6,0.207228932,0.067519905,1,0.007566181,0.009699688
2,90,68,19.25,1.595305504,1.011420297,0.573497543,0.230607895,0.038432394,1,0.007566181,0.009699688
2,90,68,19.25,1.124607969,1.02E-25,6,0.163798352,0.170398004,1,0.007566181,0.009699688
2,90,68,19.25,6.283185307,2.54E-21,2.011498318,0.598742799,0.262976306,1,0.007566181,0.009699688
2,90,68,19.25,1.387988176,0.254771669,1.538601149,0.479327631,0.460673392,1,0.007566181,0.009699688
3,90,68,17.5,0.993225075,2.45E-16,6,0.245029161,0.169471534,1,0.014252796,0.017909961
3,90,68,17.5,6.283185307,0.504683811,1.792561877,0.504531562,0.232603059,1,0.014252796,0.017909961
3,90,68,17.5,1.588962502,1.048327911,0.506438041,0.202487332,0.037652973,1,0.014252796,0.017909961
3,90,68,17.5,1.466746595,0.570298816,1.524951817,0.42005026,0.485989064,1,0.014252796,0.017909961
3,90,68,17.5,6.27E-07,1.190524372,4.827617958,0.177244775,0.07428337,1,0.014252796,0.017909961
4,90,68,4,1.017983598,7.59E-34,5.734404426,0.252824813,0.146449352,1,0.0149283,0.018847582
4,90,68,4,1.482342556,0.622132429,1.565872304,0.402072802,0.502791037,1,0.0149283,0.018847582
4,90,68,4,9.93E-10,1.198154193,5.03929641,0.176683914,0.085601484,1,0.0149283,0.018847582
4,90,68,4,6.283185307,0.584826799,1.714549898,0.473007136,0.224906897,1,0.0149283,0.018847582
4,90,68,4,1.586886988,1.053699219,0.510527497,0.199433117,0.040251229,1,0.0149283,0.018847582
5,90,68,3.75,1.584745724,1.055829763,0.514764585,0.197946855,0.040285574,1,0.014802309,0.018750911
5,90,68,3.75,6.283185307,0.620289953,1.659038261,0.455529027,0.217425525,1,0.014802309,0.018750911
5,90,68,3.75,0.889042573,3.22E-40,5.875146231,0.250585592,0.137161963,1,0.014802309,0.018750911
5,90,68,3.75,2.78E-15,1.200819084,5.286517969,0.17769611,0.092691901,1,0.014802309,0.018750911
5,90,68,3.75,1.49428654,0.643641785,1.60223161,0.394963001,0.512435037,1,0.014802309,0.018750911
6,90,68,3.75,1.505536501,0.650686587,1.641231496,0.392778335,0.519751205,1,0.014821656,0.018833717
6,90,68,3.75,1.582839547,1.055931076,0.518796698,0.198081192,0.039135454,1,0.014821656,0.018833717
6,90,68,3.75,6.283185307,0.633621903,1.608632564,0.447232738,0.210542867,1,0.014821656,0.018833717
6,90,68,3.75,1.02E-07,1.199826195,5.521560143,0.180184203,0.098216652,1,0.014821656,0.018833717
6,90,68,3.75,0.71418161,1.33E-38,5.999999892,0.24759661,0.132353822,1,0.014821656,0.018833717
2,90,71,14.5,1.409632989,0.261603933,1.700311412,0.476772081,0.477541021,1,0.007406352,0.009579227
2,90,71,14.5,1.59550473,1.036850307,0.66192862,0.238373171,0.040034234,1,0.007406352,0.009579227
2,90,71,14.5,1.272666839,2.19E-33,6,0.164908381,0.175490317,1,0.007406352,0.009579227
2,90,71,14.5,6.283185307,1.48E-25,1.82147555,0.617623829,0.239503958,1,0.007406352,0.009579227
2,90,71,14.5,1.67E-25,1.161955684,6,0.205629866,0.067430469,1,0.007406352,0.009579227
3,90,71,11.75,1.495893508,0.600034233,1.670160399,0.411819305,0.491985387,1,0.014215334,0.01819869
3,90,71,11.75,1.590393526,1.084621753,0.556917991,0.202803615,0.03493605,1,0.014215334,0.01819869
3,90,71,11.75,6.283185307,0.544950436,1.610941166,0.490752204,0.205041527,1,0.014215334,0.01819869
3,90,71,11.75,0.000434292,1.205073855,5.201280791,0.17544894,0.07605797,1,0.014215334,0.01819869
3,90,71,11.75,1.17954944,1.11E-13,6,0.255568248,0.191979067,1,0.014215334,0.01819869
4,90,71,12.25,1.510408385,0.656723587,1.696687981,0.391853755,0.50191386,1,0.015518162,0.019901865
4,90,71,12.25,1.587657954,1.091497763,0.553274283,0.19815488,0.036086295,1,0.015518162,0.019901865
4,90,71,12.25,6.283185307,0.628382503,1.558299018,0.455660636,0.197965629,1,0.015518162,0.019901865
4,90,71,12.25,1.83E-06,1.212172534,5.415629414,0.174571313,0.087004772,1,0.015518162,0.019901865
4,90,71,12.25,1.096802521,7.85E-16,6,0.274101259,0.177029445,1,0.015518162,0.019901865
5,90,71,3.25,1.600035374,1.102378185,0.56721279,0.207136272,0.039388835,1,0.015964165,0.021038098
5,90,71,3.25,1.525902026,0.659110187,1.708830034,0.344097401,0.454146518,1,0.015964165,0.021038098
5,90,71,3.25,0.667610353,1.19134426,3.849420296,0.198300176,0.130434767,1,0.015964165,0.021038098
5,90,71,3.25,6.283185307,0.584059098,1.524224803,0.501779767,0.2086216,1,0.015964165,0.021038098
5,90,71,3.25,1.32848416,0.003580961,3.452076404,0.276289572,0.167408281,1,0.015964165,0.021038098
6,90,71,5.75,1.637453881,0.182776771,2.950061909,0.434783082,0.443144392,1,0.015941375,0.021108917
6,90,71,5.75,1.491459022,1.227052157,3.661528666,0.167546484,0.105913861,1,0.015941375,0.021108917
6,90,71,5.75,6.283185307,0.128865761,0.917994912,0.838917596,0.081506482,1,0.015941375,0.021108917
6,90,71,5.75,0.532075584,0.85850889,5.877309674,0.286569711,0.263459662,1,0.015941375,0.021108917
6,90,71,5.75,1.592033877,0.935413251,0.744150825,0.312958038,0.105975603,1,0.015941375,0.021108917
2,90,74,10.75,1.431028664,0.266451478,1.893613322,0.4711015,0.492490407,1,0.007447225,0.009731065
2,90,74,10.75,6.283185307,3.46E-30,1.667872511,0.632873453,0.216153669,1,0.007447225,0.009731065
2,90,74,10.75,1.590719934,1.059114553,0.789931612,0.247674888,0.043020853,1,0.007447225,0.009731065
2,90,74,10.75,0.498378614,1.170147145,6,0.208137425,0.069078357,1,0.007447225,0.009731065
2,90,74,10.75,1.421474771,4.50E-43,6,0.165401057,0.179256713,1,0.007447225,0.009731065
3,90,74,5.5,1.497896332,0.930332818,1.271482266,0.268258459,0.173591525,1,0.01495724,0.019670824
3,90,74,5.5,1.462707085,1.254610554,1.569296331,0.149033971,0.057580956,1,0.01495724,0.019670824
3,90,74,5.5,6.283185307,1.033673147,1.923453933,0.32104407,0.108035656,1,0.01495724,0.019670824
3,90,74,5.5,6.283185307,0.039390064,2.196254909,0.513442654,0.246398159,1,0.01495724,0.019670824
3,90,74,5.5,1.17694523,0.154073122,1.9372679,0.473439856,0.414393705,1,0.01495724,0.019670824
4,90,74,5.5,1.153541287,0.243231957,1.905245951,0.4857255,0.395986526,1,0.016943379,0.022575325
4,90,74,5.5,1.4719985,1.252461995,1.592245342,0.148920992,0.064373124,1,0.016943379,0.022575325
4,90,74,5.5,6.283185062,1.060632267,1.848824255,0.304894605,0.09283737,1,0.016943379,0.022575325
4,90,74,5.5,6.283185293,0.168281914,2.267718826,0.559456922,0.268753205,1,0.016943379,0.022575325
4,90,74,5.5,1.502552598,0.935030274,1.276685298,0.267422985,0.178049775,1,0.016943379,0.022575325
5,90,74,5.25,1.590037788,1.122542944,0.618605044,0.20258699,0.034373308,1,0.016120672,0.02130068
5,90,74,5.25,1.546616858,0.687767328,1.958544747,0.379165774,0.52267934,1,0.016120672,0.02130068
5,90,74,5.25,6.283185307,0.664351763,1.360148768,0.444555129,0.167354461,1,0.016120672,0.02130068
5,90,74,5.25,1.300236001,0.000219325,5.600282111,0.281198745,0.175405952,1,0.016120672,0.02130068
5,90,74,5.25,0.014505184,1.221497588,5.998417649,0.177523674,0.10018694,1,0.016120672,0.02130068
6,90,74,4.75,1.557675547,0.690632265,2.025967996,0.376252443,0.53227641,1,0.01613631,0.021365285
6,90,74,4.75,1.588938455,1.12058957,0.618329486,0.204617967,0.033601644,1,0.01613631,0.021365285
6,90,74,4.75,1.291501712,3.16E-10,5.314830314,0.276615764,0.166210779,1,0.01613631,0.021365285
6,90,74,4.75,6.283185307,0.66716035,1.314020113,0.444779905,0.161219586,1,0.01613631,0.021365285
6,90,74,4.75,0.086544655,1.218781048,5.992465946,0.180197606,0.106691581,1,0.01613631,0.021365285
2,90,77,10.75,6.283185307,4.50E-41,1.774235046,0.586838736,0.224485493,1,0.007554129,0.01004986
2,90,77,10.75,1.061873028,1.33E-34,6,0.161668957,0.170595783,1,0.007554129,0.01004986
2,90,77,10.75,1.440563851,1.12562079,1.327441153,0.242129164,0.089963647,1,0.007554129,0.01004986
2,90,77,10.75,1.375010495,0.265022368,1.965455214,0.456354115,0.47261679,1,0.007554129,0.01004986
2,90,77,10.75,6.283185307,1.146293027,2.22402781,0.242052235,0.042338287,1,0.007554129,0.01004986
3,90,77,16.5,1.046201719,0.958623924,5.999941155,0.250289196,0.185710276,1,0.012562852,0.017558992
3,90,77,16.5,1.410988662,1.276104457,3.85212879,0.140880401,0.066050972,1,0.012562852,0.017558992
3,90,77,16.5,1.462357444,0.093910112,5.797773119,0.494533981,0.614736788,1,0.012562852,0.017558992
3,90,77,16.5,6.283185307,0.336248985,0.695472579,0.90748722,0.036773114,1,0.012562852,0.017558992
3,90,77,16.5,1.591498243,0.854117711,0.850121705,0.412413842,0.09672885,1,0.012562852,0.017558992
4,90,77,11.75,0.826263582,0.276529405,1.694055889,0.459318399,0.196658604,1,0.016675859,0.022306099
4,90,77,11.75,1.473047457,1.272539541,2.007345372,0.143775948,0.064342203,1,0.016675859,0.022306099
4,90,77,11.75,6.283185307,1.041472494,1.523795036,0.315465415,0.088071911,1,0.016675859,0.022306099
4,90,77,11.75,1.549638091,0.954512823,1.487626169,0.272345047,0.197393598,1,0.016675859,0.022306099
4,90,77,11.75,6.283185307,0.176269984,4.639944684,0.531476466,0.453533684,1,0.016675859,0.022306099
5,90,77,6.5,0.133007267,1.309268459,5.32856891,0.115533347,0.039764122,1,0.016765809,0.023366792
5,90,77,6.5,1.570072924,1.119147449,1.551561958,0.219189346,0.1400064,1,0.016765809,0.023366792
5,90,77,6.5,6.283185307,0.759933981,1.595310801,0.449787558,0.214230175,1,0.016765809,0.023366792
5,90,77,6.5,1.753005525,9.84E-38,6,0.297403315,0.194595487,1,0.016765809,0.023366792
5,90,77,6.5,1.441850216,0.643351203,1.915931507,0.346578986,0.411403815,1,0.016765809,0.023366792
6,90,77,6.25,0.414051068,1.313216382,4.822164355,0.114384158,0.040111621,1,0.016696786,0.023233171
6,90,77,6.25,1.570154577,1.11622145,1.633974859,0.218388994,0.148342456,1,0.016696786,0.023233171
6,90,77,6.25,6.283185307,0.770344562,1.548377351,0.446490347,0.208892046,1,0.016696786,0.023233171
6,90,77,6.25,1.669799216,1.55E-32,6,0.295372426,0.187919534,1,0.016696786,0.023233171
6,90,77,6.25,1.459100751,0.645463354,1.958809782,0.34215858,0.414734343,1,0.016696786,0.023233171
2,90,80,19.25,6.283185307,5.53E-43,0.338853444,0.994585251,0.008537964,1,0.008783479,0.011119514
2,90,80,19.25,1.51327047,1.16163528,2.039394921,0.226546101,0.099781164,1,0.008783479,0.011119514
2,90,80,19.25,1.439064779,0.344785864,2.328857252,0.439697636,0.496579512,1,0.008783479,0.011119514
2,90,80,19.25,1.624860851,1.20E-40,6,0.174860606,0.217666784,1,0.008783479,0.011119514
2,90,80,19.25,6.172296698,5.53E-42,1.492505412,0.761186624,0.177434577,1,0.008783479,0.011119514
3,90,80,5.25,1.56642476,0.914280356,1.916912071,0.290938644,0.263623188,1,0.0134582,0.01830422
3,90,80,5.25,1.499767118,1.279823058,2.303125824,0.151509793,0.06815269,1,0.0134582,0.01830422
3,90,80,5.25,6.283185307,0.978926657,1.35088703,0.346431115,0.095643568,1,0.0134582,0.01830422
3,90,80,5.25,6.283185307,0.069828808,2.392092132,0.437823957,0.231873377,1,0.0134582,0.01830422
3,90,80,5.25,0.945759673,0.130959623,2.205710153,0.415247882,0.340707177,1,0.0134582,0.01830422
4,90,80,5.5,1.570313161,1.34528471,2.221036639,0.113617275,0.047422232,1,0.017021051,0.023673444
4,90,80,5.5,1.538979192,1.100263589,2.238633517,0.196639446,0.153503518,1,0.017021051,0.023673444
4,90,80,5.5,6.283185307,0.699297586,1.274580124,0.542663459,0.164578863,1,0.017021051,0.023673444
4,90,80,5.5,1.741048097,0.01743913,4.566782728,0.271691113,0.199185914,1,0.017021051,0.023673444
4,90,80,5.5,1.543662781,0.619332094,2.346041924,0.325777734,0.435309473,1,0.017021051,0.023673444
5,90,80,5.25,1.572394573,1.346901517,2.311887076,0.112935737,0.049517628,1,0.016803744,0.023404997
5,90,80,5.25,1.554770455,0.638259808,2.38365758,0.322366556,0.441523076,1,0.016803744,0.023404997
5,90,80,5.25,1.736271774,0.016633925,4.661531518,0.276866219,0.190100339,1,0.016803744,0.023404997
5,90,80,5.25,6.283185307,0.736581444,1.249500057,0.518892299,0.159333402,1,0.016803744,0.023404997
5,90,80,5.25,1.534275297,1.104605478,2.318041747,0.194605196,0.159525555,1,0.016803744,0.023404997
6,90,80,5.25,1.566730065,0.652371268,2.429849137,0.323050459,0.450276121,1,0.016410453,0.02283879
6,90,80,5.25,1.523092431,1.108967192,2.429548523,0.192387787,0.158637044,1,0.016410453,0.02283879
6,90,80,5.25,6.283185307,0.749363472,1.223105181,0.507586611,0.152704722,1,0.016410453,0.02283879
6,90,80,5.25,1.699228907,0.017579226,4.747033369,0.280227742,0.188940499,1,0.016410453,0.02283879
6,90,80,5.25,1.580164078,1.34842358,2.388049517,0.112007781,0.049441615,1,0.016410453,0.02283879
2,90,83,2.25,5.831607621,0.164644045,6,0.156447965,0.190002566,1,0.009788682,0.012675422
2,90,83,2.25,0.714965792,0.278418268,1.76703839,0.553787013,0.274000792,1,0.009788682,0.012675422
2,90,83,2.25,4.77240688,1.15E-14,6,0.103675914,0.118155836,1,0.009788682,0.012675422
2,90,83,2.25,6.139219154,0.495492137,3.293695536,0.307747242,0.281423167,1,0.009788682,0.012675422
2,90,83,2.25,4.497512877,1.15260637,6,0.238206308,0.136417639,1,0.009788682,0.012675422
3,90,83,6.75,1.571526238,0.615704284,3.02528511,0.342190674,0.474126831,1,0.012482605,0.017071499
3,90,83,6.75,1.462979697,1.120404932,3.084691084,0.192770227,0.134562419,1,0.012482605,0.017071499
3,90,83,6.75,6.283185307,0.603357435,1.088981342,0.601205957,0.106289976,1,0.012482605,0.017071499
3,90,83,6.75,1.88391709,0.018565669,5.116536054,0.26532957,0.245363701,1,0.012482605,0.017071499
3,90,83,6.75,1.588875233,1.360702704,2.677084203,0.108688787,0.039657073,1,0.012482605,0.017071499
4,90,83,4.5,6.283185215,1.066566238,6,0.212434956,0.181959527,1,0.021160161,0.027333456
4,90,83,4.5,3.019774216,1.334813271,6,0.120532563,0.056602194,1,0.021160161,0.027333456
4,90,83,4.5,6.283183047,0.523377287,2.896039398,0.307103655,0.279615312,1,0.021160161,0.027333456
4,90,83,4.5,5.242424733,3.59E-14,5.250064084,0.227093431,0.126858881,1,0.021160161,0.027333456
4,90,83,4.5,0.866817614,0.572718096,1.81848212,0.482130606,0.354964086,1,0.021160161,0.027333456
5,90,83,2.75,0.309265688,0.614650933,1.412753879,0.425726284,0.198711555,1,0.021958848,0.030730666
5,90,83,2.75,2.027070179,1.19512613,2.74875158,0.215540115,0.185666809,1,0.021958848,0.030730666
5,90,83,2.75,6.283185307,0.63543411,1.161195174,0.52833441,0.156989682,1,0.021958848,0.030730666
5,90,83,2.75,2.764176546,0.014653263,3.478417726,0.22492554,0.123534274,1,0.021958848,0.030730666
5,90,83,2.75,3.139951148,0.611790864,1.632090518,0.349007586,0.335097679,1,0.021958848,0.030730666
6,90,83,3,1.57167356,0.403796371,2.967802681,0.204349233,0.257157537,1,0.019023713,0.026719523
6,90,83,3,1.412450436,1.232003249,3.143044799,0.187295073,0.199866923,1,0.019023713,0.026719523
6,90,83,3,6.283185307,0.678726562,1.232264997,0.519520451,0.14285908,1,0.019023713,0.026719523
6,90,83,3,1.880135737,0.016990131,4.093717202,0.176081752,0.118217635,1,0.019023713,0.026719523
6,90,83,3,1.597998069,0.830177917,2.636663012,0.210983338,0.281898825,1,0.019023713,0.026719523
2,90,86,2.75,0.260010351,0.011911447,1.969423365,0.690814946,0.199810891,1,0.00758889,0.010043875
2,90,86,2.75,5.067245188,1.79E-31,6,0.115522811,0.13954793,1,0.00758889,0.010043875
2,90,86,2.75,4.347332406,1.167951567,6,0.231045271,0.135545272,1,0.00758889,0.010043875
2,90,86,2.75,6.188657583,0.572425517,4.549266563,0.291317029,0.300836652,1,0.00758889,0.010043875
2,90,86,2.75,6.283185307,0.1858427,5.862578414,0.175004077,0.224259255,1,0.00758889,0.010043875
3,90,86,6,5.743543602,1.26E-36,5.999992092,0.235681872,0.164023571,1,0.012942153,0.017124247
3,90,86,6,4.784993474,1.090990539,6,0.206472433,0.153358999,1,0.012942153,0.017124247
3,90,86,6,4.266210988,1.350443584,5.999959218,0.115370396,0.045504724,1,0.012942153,0.017124247
3,90,86,6,0.403754903,0.472720957,2.0093335,0.538283581,0.261552414,1,0.012942153,0.017124247
3,90,86,6,6.283185307,0.532037689,3.852325561,0.346065377,0.375560292,1,0.012942153,0.017124247
4,90,86,8.25,6.137881675,0.146834143,3.535349317,0.412028532,0.322429819,1,0.015904267,0.021061311
4,90,86,8.25,0.40514181,0.230468785,2.041855227,0.66688141,0.269332257,1,0.015904267,0.021061311
4,90,86,8.25,2.828141285,1.177338098,6,0.162258491,0.102199855,1,0.015904267,0.021061311
4,90,86,8.25,5.351408657,1.382453117,5.999999999,0.094499371,0.035758919,1,0.015904267,0.021061311
4,90,86,8.25,6.283185258,0.85383275,5.999999298,0.281527193,0.27027915,1,0.015904267,0.021061311
5,90,86,8.25,6.166700407,0.141353149,3.743088265,0.417569943,0.307480289,1,0.016254904,0.021784229
5,90,86,8.25,6.283185303,0.831643098,6,0.282308998,0.286380319,1,0.016254904,0.021784229
5,90,86,8.25,5.539586615,1.377514387,5.999940825,0.097812961,0.04020068,1,0.016254904,0.021784229
5,90,86,8.25,0.410148433,0.299970383,1.99429548,0.664708471,0.248218966,1,0.016254904,0.021784229
5,90,86,8.25,3.03326967,1.166047521,6,0.167321702,0.117719747,1,0.016254904,0.021784229
6,90,86,4.5,6.283185307,1.034495932,6,0.204724247,0.203100609,1,0.01713966,0.022675729
6,90,86,4.5,3.965423152,1.326260495,6,0.136152132,0.087457227,1,0.01713966,0.022675729
6,90,86,4.5,0.5223075,0.58151913,2.017717558,0.465164735,0.304347929,1,0.01713966,0.022675729
6,90,86,4.5,6.040627738,0.542525491,3.022266467,0.28616016,0.285951577,1,0.01713966,0.022675729
6,90,86,4.5,5.581387951,4.28E-19,5.213619866,0.225512138,0.119142659,1,0.01713966,0.022675729
2,90,89,11.25,1.29E-14,4.12E-13,1.850250136,0.578246563,0.106660119,1,0.005287998,0.007010131
2,90,89,11.25,3.227851199,0.00840108,6,0.141878107,0.11674283,1,0.005287998,0.007010131
2,90,89,11.25,3.661163458,1.007711747,6,0.243048889,0.144572476,1,0.005287998,0.007010131
2,90,89,11.25,6.167892784,0.079532331,5.999999847,0.479674313,0.591455466,1,0.005287998,0.007010131
2,90,89,11.25,2.870176269,1.328489891,6,0.137892876,0.040569109,1,0.005287998,0.007010131
3,90,89,15.75,1.83E-13,0.866571976,6,0.259493474,0.190753539,1,0.020569139,0.025177378
3,90,89,15.75,0.52312448,1.381959196,5.999999999,0.095701446,0.032006859,1,0.020569139,0.025177378
3,90,89,15.75,6.283185307,0.195106861,6,0.6291161,0.413163033,1,0.020569139,0.025177378
3,90,89,15.75,3.556267733,1.180231732,6,0.16264859,0.090181712,1,0.020569139,0.025177378
3,90,89,15.75,1.65E-24,0.0712991,6,0.404358105,0.273894857,1,0.020569139,0.025177378
4,90,89,13.75,6.283185307,3.80E-39,6,0.490955544,0.234132173,1,0.024490747,0.030133621
4,90,89,13.75,6.283185307,0.894655238,6,0.290546433,0.203852429,1,0.024490747,0.030133621
4,90,89,13.75,4.816367355,1.361613351,6,0.107668355,0.042088434,1,0.024490747,0.030133621
4,90,89,13.75,5.54E-41,0.383931599,6,0.529690773,0.428331735,1,0.024490747,0.030133621
4,90,89,13.75,0.001385728,1.153123233,6,0.178846815,0.09159523,1,0.024490747,0.030133621
5,90,89,11.25,1.25E-07,0.866968479,6,0.286486353,0.232353517,1,0.025489866,0.031222119
5,90,89,11.25,6.283185307,0.418144259,6,0.504436439,0.380268308,1,0.025489866,0.031222119
5,90,89,11.25,1.010734682,1.372613318,6,0.104225833,0.042908743,1,0.025489866,0.031222119
5,90,89,11.25,2.79E-19,3.97E-22,6,0.491767528,0.232978507,1,0.025489866,0.031222119
5,90,89,11.25,4.441687345,1.162849885,6,0.175084996,0.111490925,1,0.025489866,0.031222119
6,90,89,11.25,4.14200446,1.163038055,6,0.173043498,0.114321337,1,0.025378183,0.031099123
6,90,89,11.25,3.38E-09,0.860004831,6,0.282607817,0.233910674,1,0.025378183,0.031099123
6,90,89,11.25,0.988811257,1.372860637,5.999998996,0.102648089,0.042468302,1,0.025378183,0.031099123
6,90,89,11.25,1.10E-11,1.17E-20,6,0.488331186,0.224614726,1,0.025378183,0.031099123
6,90,89,11.25,6.283185307,0.440391351,6,0.511907128,0.384684961,1,0.025378183,0.031099123
2,90,8,16.5,1.573212796,6.16E-19,0.488929279,0.347944648,0.227904951,1,0.002996528,0.004341413
2,90,8,16.5,1.365699485,2.64E-16,1.162344649,0.154373236,0.10354543,1,0.002996528,0.004341413
2,90,8,16.5,5.317693767,3.54E-26,1.546342977,0.185169734,0.097759342,1,0.002996528,0.004341413
2,90,8,16.5,1.564502555,0.081404086,0.169212977,0.126229903,0.039412465,1,0.002996528,0.004341413
2,90,8,16.5,1.400942727,1.20E-20,6,0.603247598,0.531377811,1,0.002996528,0.004341413
3,90,8,19.75,1.382554753,0.036064988,0.912693195,0.53735573,0.221989961,1,0.002574782,0.00347706
3,90,8,19.75,1.588050599,0.072192062,0.401241906,0.32125596,0.136406331,1,0.002574782,0.00347706
3,90,8,19.75,1.559154049,0.126340886,0.141992255,0.120401737,0.019273792,1,0.002574782,0.00347706
3,90,8,19.75,5.67232141,0.003805408,6,0.464512712,0.473609575,1,0.002574782,0.00347706
3,90,8,19.75,3.741716261,0.939564206,6,0.314334152,0.14872034,1,0.002574782,0.00347706
4,90,8,8.5,1.376978746,0.169520143,0.997170445,0.505014877,0.250212526,1,0.00283024,0.00377591
4,90,8,8.5,6.283185307,0.067086477,6,0.579307449,0.511870652,1,0.00283024,0.00377591
4,90,8,8.5,1.585851873,0.082003954,0.403475301,0.347642803,0.130216408,1,0.00283024,0.00377591
4,90,8,8.5,1.559058182,0.127465794,0.139674251,0.134239771,0.016004957,1,0.00283024,0.00377591
4,90,8,8.5,2.189339547,1.000341063,6,0.277087543,0.091695457,1,0.00283024,0.00377591
5,90,8,10.75,1.561120755,0.12107187,0.150082516,0.149859602,0.017140642,1,0.003358052,0.004409588
5,90,8,10.75,1.578275375,0.094443389,0.442601877,0.386410508,0.151743401,1,0.003358052,0.004409588
5,90,8,10.75,0.861806427,0.981241541,5.999918292,0.283275901,0.103289429,1,0.003358052,0.004409588
5,90,8,10.75,1.319073648,0.162090272,1.477646829,0.542247096,0.444244779,1,0.003358052,0.004409588
5,90,8,10.75,6.283185307,0.094342049,2.300582497,0.61720465,0.283581749,1,0.003358052,0.004409588
6,90,8,18.75,1.454639713,0.083923157,3.655207911,0.546313481,0.504559523,1,0.003840482,0.005171236
6,90,8,18.75,1.570853115,0.156851619,0.589032318,0.426254106,0.22444348,1,0.003840482,0.005171236
6,90,8,18.75,6.283185307,0.102623638,0.73441824,0.686036234,0.050254717,1,0.003840482,0.005171236
6,90,8,18.75,1.200464958,0.931456104,4.822027481,0.327528047,0.189316824,1,0.003840482,0.005171236
6,90,8,18.75,1.562965391,0.097736709,0.198507034,0.201683227,0.031425455,1,0.003840482,0.005171236
